{
  "model": "pythia-125m",
  "n_human": 784,
  "n_ai": 599,
  "n_total": 1383,
  "n_features": 10000,
  "n_seeds": 5,
  "n_folds": 5,
  "mcc_mean": 0.7813862212778826,
  "mcc_std": 0.004005848620889617,
  "mcc_per_seed": [
    0.7794442933004182,
    0.7754382386694825,
    0.785726450989832,
    0.7859847847343765,
    0.7803373386953035
  ],
  "bal_acc_mean": 0.8914406844560461,
  "bal_acc_std": 0.0020858516407295425,
  "bal_acc_per_seed": [
    0.8903113210007177,
    0.8884033887930478,
    0.8934803578462253,
    0.8940583582771667,
    0.8909499963630726
  ]
}
