{
  "model": "pythia-19m",
  "n_human": 784,
  "n_ai": 599,
  "n_total": 1383,
  "n_features": 10000,
  "n_seeds": 5,
  "n_folds": 5,
  "mcc_mean": 0.7906180535549103,
  "mcc_std": 0.005988667798220659,
  "mcc_per_seed": [
    0.7936274074931774,
    0.779342997814115,
    0.7924360057480226,
    0.7969278584636644,
    0.7907559982555716
  ],
  "bal_acc_mean": 0.8966102709579667,
  "bal_acc_std": 0.003172795844164029,
  "bal_acc_per_seed": [
    0.8980455597231544,
    0.8906633104001033,
    0.8973992879856499,
    0.9001079275414232,
    0.896835269139503
  ]
}
