{
  "model": "pythia-125m",
  "paradigm": "SSC-Lasso",
  "fp_subdir": "quanta_fingerprint_ssc-lasso",
  "n_docs": 1282,
  "n_human": 784,
  "n_ai": 498,
  "n_clusters": 400,
  "n_seeds": 5,
  "n_folds": 5,
  "full_mcc_mean": 0.960279591774051,
  "full_mcc_std": 0.0009596861738315747,
  "full_mcc_per_seed": [
    0.9602689951173728,
    0.9603022679830922,
    0.9601522367996376,
    0.958823707473235,
    0.9618507514969175
  ],
  "surface_mcc_mean": 0.8713348690675728,
  "surface_mcc_std": 0.0007156860417610506,
  "delta": 0.08894472270647813,
  "max_1q_mcc": 0.9496351976514493,
  "max_1q_cluster": 1,
  "permutation_mcc": 0.049480186152507266,
  "flag": "one-cluster-led",
  "mega_cluster": {
    "best_q": 1,
    "best_q_mcc": 0.9496351976514493,
    "full_mcc": 0.960279591774051,
    "ablation_mcc_without_best_q": 0.9100314435861655,
    "ablation_std": 0.004105217956009874
  }
}